n.groups	n.Freq	obs	exp	chisq	p.value
expression_group_FOLH1=High	23	21	21.06753470282829	4.720862722009182e-4	0.9826652901138067
expression_group_FOLH1=Low	27	20	19.93246529717171	4.720862722009182e-4	0.9826652901138067
