n.groups	n.Freq	obs	exp	chisq	p.value
expression_group_SLC7A5=High	28	22	25.360649031516303	1.2635599010813556	0.26097832401307847
expression_group_SLC7A5=Low	23	19	15.639350968483699	1.2635599010813556	0.26097832401307847
