"pathway"	"1"	"2"	"3"	"4"	"5"
"M1"	-2.16522914408034	3.26601725433998	-2.73979983423454	0.746010014907856	-1.14918756085393
"M2"	-0.509360298535994	1.91025064514263	-2.19132149843829	0.982251409359815	-1.28812775415668
"M3"	3.9333817354086	1.81372622050366	-2.59526913366252	NA	-1.32548629222813
"M4"	-3.46613355029065	-3.51250677271697	4.99751755591306	2.94212978169953	-0.877772908195901
"M5"	4.1220839030565	-5.41239179160254	4.44588693393829	NA	NA
"M6"	-2.15784223659139	2.01209921516299	0.892953246935149	2.04435787370578	-2.20953971253542
"Not.Correlated"	-1.26234061478514	-1.48003805614176	1.88064267916863	-0.904371072921981	NA
