"pathway"	"1"	"2"	"3"	"4"	"5"
"M1"	2.00880921455353e-17	1.75806652413423e-59	3.77066773075876e-36	0.987012987012987	0.0711788211788212
"M2"	1	2.47996842086854e-09	5.29314125658462e-16	0.718177404408443	0.00173344927674131
"M3"	3.67115527476003e-63	2.41586622148768e-07	2.56853620345299e-26	NA	0.0014539757672855
"M4"	1.64814905567752e-68	1.54655299514637e-39	5.44929692521928e-86	4.89779359824964e-74	0.841158841158841
"M5"	7.68382245017407e-59	5.88779250116611e-116	9.61583425357754e-59	NA	NA
"M6"	4.78292369457447e-07	1.07079595786171e-05	0.721854304635762	6.55017942646661e-08	2.74088462288626e-15
"Not.Correlated"	0.129161652627357	0.014497401416689	0.000303089416214197	0.718177404408443	NA
