"pathway"	"1"	"2"	"3"	"4"
"M1"	6.21548445962356e-23	2.59839534214602e-59	9.96327217455411e-22	0.0761738261738262
"M2"	1	5.9911401982008e-08	0.000582318623751583	0.00256180514049234
"M3"	9.80930738672473e-61	2.40350252536953e-07	5.43667520687938e-48	0.00117921503258383
"M4"	1.0447610086841e-66	5.32706206672514e-28	3.13810807993353e-113	0.831168831168831
"M5"	7.5654446807379e-69	2.51803011694465e-123	9.35023007017634e-06	NA
"M6"	2.29861280939567e-06	4.30002525941608e-05	3.58132505158977e-10	1.41090559104015e-15
"Not.Correlated"	0.166666666666667	0.000772814375373031	0.230383973288815	NA
