"pathway"	"1"	"2"	"3"	"4"	"5"
"M1"	-0.463352480710612	0.629472158597922	-0.55029168739099	0.201713935058618	-0.355546241527144
"M2"	-0.109772588664491	0.370811960034484	-0.442308934768871	0.266366004739821	-0.39849460522582
"M3"	0.65008168334315	0.354912990211694	-0.526916787431671	-0.455285639960456	-0.411760535479383
"M4"	-0.768452232972578	-0.554404516727376	0.768361836552992	0.80168230051598	-0.275060549290554
"M5"	0.729942368337719	-0.868577437720931	0.711083007358295	-0.571165540909186	0.568596759812005
"M6"	-0.54436978798065	0.465659144266443	0.165287622107889	0.599742874871843	-0.734066468606549
"Not.Correlated"	-0.310810960245611	-0.261334394442446	0.337658116608945	-0.167684116049102	0.395738431633678
