"pathway"	"1"	"2"	"3"	"4"
"M1"	-0.506687359581709	0.635563778524976	-0.440503678951792	-0.355546241527144
"M2"	-0.112183001542865	0.359448295540061	-0.256931751699536	-0.39849460522582
"M3"	0.635570922247642	0.359258045281568	-0.616182137460402	-0.411760535479383
"M4"	-0.760016499385919	-0.479740890766265	0.867137191882478	-0.275060549290554
"M5"	0.764984540401819	-0.884869365514095	0.36543253481039	0.568596759812006
"M6"	-0.531094456818263	0.455849146585371	0.597682559783992	-0.734066468606549
"Not.Correlated"	-0.300670795664764	-0.31928621976015	0.261875558948665	0.395738431633678
