"pathway"	"1"	"2"	"3"	"4"
"M1"	-2.36769114406932	3.18483486343887	-2.54143599202238	-1.15602314103397
"M2"	-0.519892173297935	1.78495912025492	-1.46268539564832	-1.2917414585408
"M3"	3.66630569647735	1.78289889009088	-3.49428228381167	-1.33080380649269
"M4"	-3.44753886956165	-3.12307190089094	4.35719965532495	-0.883287546516839
"M5"	4.36379726454346	-5.57096174665152	1.81030382160996	NA
"M6"	-2.10637786089803	1.95208344945915	2.5444504194644	-2.24676319586703
"Not.Correlated"	-1.22362480020886	-1.74502180914297	1.13983111696847	NA
