n.groups	n.Freq	obs	exp	chisq	p.value
expression_group_SLC7A5=High	26	14	20.37931602383234	6.206587854084518	0.012727572677775847
expression_group_SLC7A5=Low	23	18	11.620683976167657	6.206587854084518	0.012727572677775847
