n.groups	n.Freq	obs	exp	chisq	p.value
expression_group_FOLH1=High	21	15	15.211541967688985	0.005986422831183355	0.938327633021137
expression_group_FOLH1=Low	27	17	16.788458032311016	0.005986422831183355	0.938327633021137
