model_method	LGG	HGG	Medullo	EPN
rfsrc_brier	0.05060483517766652	-0.020528703306341017	0.08642709158729212	0.09640345196333515
rfsrc_logrankscore	0.04536982028313306	-0.0153656365480673	0.06919336087202685	0.09885616085322328
mboost_coxph	-Inf	Inf	Inf	Inf
mboost_loglog	0.044127259837464836	NA	0.098724531230471	0.022220927505239678
