rowname	coef	exp(coef)	se(coef)	z	Pr(>|z|)
RiskScore	0.6930002403584374	1.9997061411873496	0.38164304566197743	1.815833534072124	0.06939591153295718
