rowname	coef	exp(coef)	se(coef)	z	Pr(>|z|)
RiskGroupLow	0.15977134516775543	1.1732425727354818	0.5721585843357728	0.279243114657165	0.780058258329613
