n.groups	n.Freq	obs	exp	chisq	p.value
expression_level=High	48	16	15.794168886646709	0.00548078084792783	0.9409846872874077
expression_level=low	41	15	15.20583111335329	0.00548078084792783	0.9409846872874077
