rowname	Df	Sum Sq	Mean Sq	F value	Pr(>F)	gene
combined$harmonized_diagnosis	24	31010.80506594273	1292.116877747614	8.844090480817766	1.208397681075337e-24	SLC7A5
Residuals                    	384	56102.19412965631	146.0994638793133	NA	NA	SLC7A5
combined$harmonized_diagnosis	24	1145.2119622596463	47.71716509415193	4.076668558206014	1.6838360919888354e-9	FOLH1
Residuals                    	384	4494.697357544752	11.70494103527279	NA	NA	FOLH1
