rowname	Df	Sum Sq	Mean Sq	F value	Pr(>F)
combined$harmonized_diagnosis	24	31010.80506594273	1292.116877747614	8.844090480817766	1.208397681075337e-24
Residuals                    	384	56102.19412965631	146.0994638793133	NA	NA
