rowname	Df	Sum Sq	Mean Sq	F value	Pr(>F)	gene
combined$harmonized_diagnosis	26	129874.95742882795	4995.190670339537	9.727025435310852	9.58606261185436e-30	SLC7A5
Residuals                    	440	225956.42517502652	513.5373299432421	NA	NA	SLC7A5
combined$harmonized_diagnosis	26	4580.931922344638	176.18968932094762	5.1165148715699535	6.516778893351258e-14	FOLH1
Residuals                    	440	15151.614965878056	34.435488558813766	NA	NA	FOLH1
