rowname	Df	Sum Sq	Mean Sq	F value	Pr(>F)	gene
combined_fixed$harmonized_diagnosis	33	139525.95044185725	4228.059104298704	9.193926875418937	1.43571558557521e-34	SLC7A5
Residuals                          	533	245113.48992957076	459.87521562771246	NA	NA	SLC7A5
combined_fixed$harmonized_diagnosis	33	4860.902172580396	147.30006583576957	5.161897081619256	3.3900147694519237e-17	FOLH1
Residuals                          	533	15209.705627419595	28.536033072081793	NA	NA	FOLH1
