n.groups	n.Freq	obs	exp	chisq	p.value
expression_level=High	94	20	18.76533710392844	0.16703656939314385	0.6827590441694279
expression_level=low	89	18	19.23466289607156	0.16703656939314385	0.6827590441694279
