n.groups	n.Freq	obs	exp	chisq	p.value
expression_level=High	25	22	22.528852641495053	0.028269887471294306	0.866475883908828
expression_level=low	27	20	19.471147358504943	0.028269887471294306	0.866475883908828
