rowname	coef	exp(coef)	se(coef)	z	Pr(>|z|)
RiskGroupLow	-0.631782936959504	0.5316430694161861	0.6811330934815033	-0.9275469699031157	0.35364261659435875
