rowname	coef	exp(coef)	se(coef)	z	Pr(>|z|)
RiskScore	0.6628269805421598	1.940269693230083	0.4715562849945972	1.405615833430688	0.15983823180946655
