rowname	coef	exp(coef)	se(coef)	z	Pr(>|z|)
RiskGroupLow	-1.5069561407243324	0.2215834212582346	0.8020844193099136	-1.8787999173713743	0.06027181834543822
