rowname	coef	exp(coef)	se(coef)	z	Pr(>|z|)
RiskScore	-0.028228802578165343	0.9721659072865705	0.1882404685940232	-0.14996139134697006	0.8807950759789399
