n.groups	n.Freq	obs	exp	chisq	p.value
expression_level=High	27	14	20.69883007665177	6.894323119795999	0.008646989767429215
expression_level=low	23	18	11.301169923348231	6.894323119795999	0.008646989767429215
