cindex	day_of_interest
0.6067004269613194	826
0.6320542777645168	1403
0.38065645218100225	2066
0.5559523269860215	2082
