n.groups	n.Freq	obs	exp	chisq	p.value
expression_group_SLC7A5=High	94	1	0.9444444444444444	0.006211180124223608	0.937182922216937
expression_group_SLC7A5=Low	89	1	1.0555555555555556	0.006211180124223608	0.937182922216937
