n.groups	n.Freq	obs	exp	chisq	p.value
expression_level=High	95	25	17.694301806231696	5.980889077346235	0.014461710216034812
expression_level=low	88	13	20.305698193768308	5.980889077346235	0.014461710216034812
