n.groups	n.Freq	obs	exp	chisq	p.value
expression_level=High	94	1	0.9444444444444444	0.006211180124223608	0.937182922216937
expression_level=low	89	1	1.0555555555555556	0.006211180124223608	0.937182922216937
