n.groups	n.Freq	obs	exp	chisq	p.value
expression_group_SLC7A5=High	94	20	18.76533710392844	0.16703656939314385	0.6827590441694279
expression_group_SLC7A5=Low	89	18	19.23466289607156	0.16703656939314385	0.6827590441694279
