n.groups	n.Freq	obs	exp	chisq	p.value
expression_group_FOLH1=High	92	24	16.937780260463807	5.595374474199626	0.01800796123787134
expression_group_FOLH1=Low	91	14	21.062219739536197	5.595374474199626	0.01800796123787134
