rowname	coef	exp(coef)	se(coef)	z	Pr(>|z|)
harmonized_diagnosisMedulloblastoma, group 3	-1.4419109183522287	0.2364754413882531	1.2453158414116803	-1.1578676432138613	0.24691805372044295
harmonized_diagnosisMedulloblastoma, group 4	-2.0124481055804195	0.13366105743105278	0.8197901084589755	-2.4548333589476674	0.014094991030931064
harmonized_diagnosisMedulloblastoma, SHH-activated	-0.7872119079563376	0.45511192195721095	0.6512717351809469	-1.208730343161018	0.22676646029742892
harmonized_diagnosisMedulloblastoma, WNT-activated	-19.06256874907193	5.262978324394085e-9	9488.142846022176	-0.002009093777194106	0.9983969761723948
CNS_regionMixed	-1.211551632344731	0.2977349456647833	1.0840088398987053	-1.1176584431340466	0.26371289778601054
CNS_regionPosterior fossa	-2.3726208267784785	0.09323605025414625	0.9664955653767233	-2.454869853286571	0.014093560254016483
CNS_regionVentricles	NA	NA	0	NA	NA
SLC7A5	0.025051193433917197	1.025367611269875	0.0515695749185728	0.48577467379695233	0.6271269326276271
