rowname	coef	exp(coef)	se(coef)	z	Pr(>|z|)
harmonized_diagnosisMedulloblastoma, group 3	-1.4776694443854421	0.22816882936294894	1.2340540248763505	-1.197410659985896	0.23114653072802419
harmonized_diagnosisMedulloblastoma, group 4	-2.084598469754535	0.12435704325639726	0.8030421125100144	-2.5958769002024646	0.009434986119538531
harmonized_diagnosisMedulloblastoma, SHH-activated	-0.8186549505538739	0.4410244554428623	0.6453307160003858	-1.2685820312842269	0.20459017638656476
harmonized_diagnosisMedulloblastoma, WNT-activated	-18.782289498637677	6.965548383538189e-9	9506.247357281927	-0.0019757837969837976	0.9984235536385702
CNS_regionMixed	-1.0157999297743507	0.36211264925607806	1.3962227970373742	-0.7275342674032844	0.4668987312818286
CNS_regionPosterior fossa	-2.033152711552785	0.13092211015890656	1.4723228348679376	-1.3809150163287063	0.16730509227578902
CNS_regionVentricles	NA	NA	0	NA	NA
FOLH1	0.35815678711954035	1.4306899166470501	1.09450456670632	0.3272318800800781	0.7434925102083376
