n.groups	n.Freq	obs	exp	chisq	p.value
expression_level=High	47	16	13.963997809488905	0.7021830006297594	0.402051145203149
expression_level=low	42	9	11.036002190511095	0.7021830006297594	0.402051145203149
