rowname	Df	Sum Sq	Mean Sq	F value	Pr(>F)
combined$region_of_interest	16	667589.2586986481	41724.328668665505	63.89700551241396	3.9323007536486584e-170
Residuals                  	2291	1496008.0869727342	652.9934906035505	NA	NA
