rowname	Df	Sum Sq	Mean Sq	F value	Pr(>F)
combined$region_of_interest	16	555325.4212296015	34707.83882685009	164.75438712595562	0
Residuals                  	2291	482631.5106955143	210.6641251399015	NA	NA
