rowname	Df	Sum Sq	Mean Sq	F value	Pr(>F)
combined$harmonized_diagnosis	15	358.4697299483235	23.8979819965549	3.0827423579540367	1.4495865394341823e-4
Residuals                    	224	1736.4889263016746	7.752182706703905	NA	NA
