rowname	Df	Sum Sq	Mean Sq	F value	Pr(>F)
combined$harmonized_diagnosis	15	4674.027682778969	311.60184551859794	5.593843807568808	1.1622637875480539e-9
Residuals                    	224	12477.790906804357	55.70442369109088	NA	NA
