rowname	coef	exp(coef)	se(coef)	z	Pr(>|z|)
RiskScore	-0.044596418863155504	0.9563833822494651	0.17515414440134544	-0.25461241020348324	0.7990224730718032
