rowname	coef	exp(coef)	se(coef)	z	Pr(>|z|)
RiskGroupLow	-0.15035764226716256	0.8604002059121568	0.23947377581074675	-0.6278668374360472	0.5300911770375984
