rowname	coef	exp(coef)	se(coef)	z	Pr(>|z|)
RiskGroupLow	-0.07872329944322104	0.9242956421836556	0.24384275666120786	-0.3228445270268915	0.7468129894063037
