rowname	coef	exp(coef)	se(coef)	z	Pr(>|z|)
RiskGroupLow	-0.9940574980021882	0.37007207389530206	0.5414720577783317	-1.835842651014757	0.06638093145339359
