rowname	coef	exp(coef)	se(coef)	z	Pr(>|z|)
RiskScore	-0.049869505846040656	0.9513535624791496	0.20607336409945734	-0.24199879525416054	0.8087810967386847
