n.groups	n.Freq	obs	exp	chisq	p.value
expression_group_SLC7A5=High	94	93	86.78500894556484	0.8747701283750672	0.34963811156659697
expression_group_SLC7A5=Low	89	88	94.21499105443519	0.8747701283750672	0.34963811156659697
