n.groups	n.Freq	obs	exp	chisq	p.value
expression_group_FOLH1=High	92	91	91.16065646463946	5.774981672842645e-4	0.9808277286280541
expression_group_FOLH1=Low	91	90	89.83934353536054	5.774981672842645e-4	0.9808277286280541
