cindex	day_of_interest
NA	35
NA	99
0.35135135135135137	130
0.5371421905155611	222
0.488908444899813	270
0.5964732313022477	327
0.6260106027487936	351
0.5740387727704656	367
0.5683531661844873	505
0.574713496237516	548
0.558064441127958	562
0.5548417293753001	613
0.5520867951486506	626
0.5617139380756169	646
0.5540113642822229	675
0.5576253569881312	695
0.5616772164922671	864
0.5712381468955622	1302
0.6025872004499401	1497
0.6144896693770987	1499
0.7184216950780579	5513
