cindex	day_of_interest
NA	35
NA	99
0.1891891891891892	130
0.4560535011881553	222
0.436526936996113	270
0.43462751101194813	327
0.4553199310388658	351
0.46149120783456626	367
0.4902490445252117	505
0.5004086115032953	548
0.5010028824252556	562
0.4954416751335392	613
0.5128918478603391	626
0.5186309863275911	646
0.5070258593519252	675
0.5157586435999565	695
0.5076229759956454	864
0.5241796932352981	1302
0.5624957141840632	1497
0.5739696137308601	1499
0.6908478391261593	5513
