rowname	coef	exp(coef)	se(coef)	z	Pr(>|z|)
harmonized_diagnosisMedulloblastoma, group 3	-1.1752003052636635	0.30875712781570375	0.9396287103962634	-1.2507071061803274	0.21104135688286055
harmonized_diagnosisMedulloblastoma, group 4	-1.6879347704720424	0.18490099293730225	0.6334992150230616	-2.664462292049716	0.00771115109845526
harmonized_diagnosisMedulloblastoma, SHH-activated	-0.939513897378415	0.3908177667326824	0.799076478837904	-1.1757496588370977	0.23969492830093095
harmonized_diagnosisMedulloblastoma, WNT-activated	-20.480875914133915	1.2742909710766938e-9	7151.668956023464	-0.0028637897028055224	0.9977150295340305
CNS_regionMixed	-1.9608073360709544	0.14074474672974957	1.4659032859087764	-1.3376103013885843	0.18102350461339345
CNS_regionPosterior fossa	-3.1289959441975923	0.04376171440469715	1.3418572215881146	-2.3318397023599604	0.019709125536604873
CNS_regionVentricles	NA	NA	0	NA	NA
SLC7A5	-0.016074234910354042	0.984054266163512	0.047869988455066924	-0.3357894043664141	0.7370296808189803
