rowname	coef	exp(coef)	se(coef)	z	Pr(>|z|)
harmonized_diagnosisMedulloblastoma, group 3	-1.6836135784570294	0.1857017144212232	1.0370855446841876	-1.6234085867716168	0.1045020903385919
harmonized_diagnosisMedulloblastoma, group 4	-1.6522026050741647	0.19162736403778458	0.6339024551287449	-2.606398810584515	0.0091499855329209
harmonized_diagnosisMedulloblastoma, SHH-activated	-0.6304551669401993	0.5323494379884587	0.7799964865901874	-0.8082794958427069	0.41892970336593094
harmonized_diagnosisMedulloblastoma, WNT-activated	-19.904350259869872	2.268038990001765e-9	8565.669207504308	-0.002323735574849405	0.9981459289300252
CNS_regionMixed	-0.8044884863501678	0.4473166766358724	1.5075316270957433	-0.5336461749064683	0.5935863551846301
CNS_regionPosterior fossa	-2.301343786877879	0.10012420768554785	1.3405015005893235	-1.7167782250643817	0.0860197009824289
CNS_regionVentricles	NA	NA	0	NA	NA
FOLH1	1.0429861146412414	2.8376780071614807	0.6062171981720063	1.720482556064514	0.08534476185220753
