n.groups	n.Freq	obs	exp	chisq	p.value
expression_level=High	47	16	16.72757284240411	0.06989062560347055	0.7914960956004718
expression_level=low	42	15	14.272427157595887	0.06989062560347055	0.7914960956004718
