n.groups	n.Freq	obs	exp	chisq	p.value
expression_level=High	29	23	26.28957048319861	1.1848024940181916	0.2763804674296266
expression_level=low	23	19	15.710429516801403	1.1848024940181916	0.2763804674296266
