cindex	day_of_interest
0.6255903171660836	826
0.6875864085108655	1403
0.5013597597656292	2066
0.5667127057203171	2082
