n.groups	n.Freq	obs	exp	chisq	p.value
expression_level=High	95	1	0.5555555555555556	0.7999999999999999	0.3710933695226976
expression_level=low	88	1	1.4444444444444444	0.7999999999999999	0.3710933695226976
