pathway	logFC	P.Value	adj.P.Val	direction
Asparagine synthesis from glutamine	0.13462919186549346	0.020467911595848504	0.18421120436263655	up
GSH synthesis from glutamate	-0.06901623734808401	0.06255886051628345	0.1886724991920629	down
Proline synthesis from glutamine	0.09261923805409086	0.07010381662844441	0.1886724991920629	up
Serine synthesis from glutamine	-0.08585203606539178	0.08385444408536129	0.1886724991920629	down
Glutamate synthesis	0.03745321620745544	0.2652035109495919	0.4773663197092654	up
Oxidative phosphorylation	-0.011077372943667157	0.7015175657526045	0.937488957706472	down
Pyrimidine de novo synthesis from glutamine	-0.011539645017042324	0.825081219566344	0.937488957706472	down
UDP-GlcNAc synthesis from glutamine	0.008194332032608524	0.8333235179613084	0.937488957706472	up
Purine de novo synthesis from glutamine	-2.967195843610875e-17	0.9999999999999991	0.9999999999999991	down
