short_name	gene	quantile	pval
Medullo	SLC1A5	15	0.23273818503129198
EPN	SLC1A5	10	0.017963787121708506
