pathway	logFC	P.Value	adj.P.Val	direction
GSH synthesis from glutamate	-0.06589670925341422	0.02414967042567693	0.07668412596182769	down
Serine synthesis from glutamine	0.10072666346511826	0.024800151144708942	0.07668412596182769	up
UDP-GlcNAc synthesis from glutamine	-0.0538054645680609	0.02556137532060923	0.07668412596182769	down
Purine de novo synthesis from glutamine	0.0374548563427409	0.09103585094210483	0.20483066461973587	up
Asparagine synthesis from glutamine	-0.06420832515898443	0.16182855579808703	0.29129140043655666	down
Proline synthesis from glutamine	0.023372689115773223	0.36561685906964114	0.5484252886044617	up
Pyrimidine de novo synthesis from glutamine	0.016052081289746094	0.5933894318922779	0.7494825476542142	up
Oxidative phosphorylation	0.0038929222793341457	0.7224452202587847	0.7494825476542142	up
Glutamate synthesis	0.007398385879464756	0.7494825476542142	0.7494825476542142	up
