n.groups	n.Freq	obs	exp	chisq	p.value
expression_group_SLC7A5=High	47	17	11.970051179178965	4.104589530493649	0.04276697153023104
expression_group_SLC7A5=Low	42	8	13.029948820821035	4.104589530493649	0.04276697153023104
