n.groups	n.Freq	obs	exp	chisq	p.value
expression_group_FOLH1=High	46	16	13.663892590716202	0.9240714103991385	0.3364082187804802
expression_group_FOLH1=Low	43	9	11.336107409283802	0.9240714103991385	0.3364082187804802
