n.groups	n.Freq	obs	exp	chisq	p.value
expression_level=High	23	15	16.081829069637845	0.1554182319424835	0.6934103594460147
expression_level=low	27	17	15.918170930362157	0.1554182319424835	0.6934103594460147
