rowname	coef	exp(coef)	se(coef)	z	Pr(>|z|)
RiskScore	2.1235056991031533	8.360395203315653	1.1917870464985276	1.7817828322115237	0.07478465293033104
