rowname	coef	exp(coef)	se(coef)	z	Pr(>|z|)
RiskGroupLow	-0.044903138475584345	0.9560900856913308	0.5721143364199638	-0.07848630180562884	0.937441226184282
