n.groups	n.Freq	obs	exp	chisq	p.value
expression_level=High	48	17	12.340876000929338	3.5150501542480597	0.06081381622299042
expression_level=low	41	8	12.659123999070662	3.5150501542480597	0.06081381622299042
