rowname	coef	exp(coef)	se(coef)	z	Pr(>|z|)
RiskGroupLow	-1.3307531533636203	0.2642781443530863	0.7336319388760432	-1.8139247800503253	0.06968930710736036
