rowname	coef	exp(coef)	se(coef)	z	Pr(>|z|)
RiskGroupLow	-0.7740071311489395	0.4611614265861145	0.7120777607741495	-1.0869699543873723	0.2770500883393699
