rowname	coef	exp(coef)	se(coef)	z	Pr(>|z|)
RiskScore	12.297799613995478	219213.10415441298	4.968987389108593	2.474910610751546	0.013326952699023072
