rowname	coef	exp(coef)	se(coef)	z	Pr(>|z|)
harmonized_diagnosisHigh-grade glioma/astrocytoma, H3 G35-mutant	-0.6805799271194166	0.506323276607658	1.194092583908893	-0.5699557440441684	0.5687077150124918
harmonized_diagnosisHigh-grade glioma/astrocytoma, H3 wildtype	-0.3800250905058147	0.6838442509989466	0.6344522475628043	-0.5989813921625301	0.5491852932539525
harmonized_diagnosisHigh-grade glioma/astrocytoma, IDH-mutant	NA	NA	0	NA	NA
CNS_regionMidline	0.3283990740381152	1.388743073024506	1.0815952409157177	0.30362474021250374	0.7614138009111345
CNS_regionMixed	0.8043220858182062	2.235180724383612	0.9579479502154203	0.8396302592821799	0.4011157277564702
CNS_regionPosterior fossa	0.5347919088984731	1.7070929744339987	0.872846654054732	0.6126985838968901	0.5400756590552207
SLC7A5	-5.72930581826052e-4	0.9994272335115602	0.010186871609368158	-0.056242053870509914	0.9551489800175988
