rowname	coef	exp(coef)	se(coef)	z	Pr(>|z|)
harmonized_diagnosisHigh-grade glioma/astrocytoma, H3 G35-mutant	-0.3924108818476198	0.675426536435526	1.2280919280329903	-0.3195289154584187	0.7493254683015224
harmonized_diagnosisHigh-grade glioma/astrocytoma, H3 wildtype	-0.2242302200333292	0.7991311371932207	0.6535266174370129	-0.3431080143494547	0.7315172021205737
harmonized_diagnosisHigh-grade glioma/astrocytoma, IDH-mutant	NA	NA	0	NA	NA
CNS_regionMidline	0.5689103254463431	1.7663412652543706	1.106974753089558	0.5139325209165961	0.6072991695151031
CNS_regionMixed	1.125992276652056	3.0832747930928788	0.9615455448789262	1.17102334117084	0.24158939514871627
CNS_regionPosterior fossa	0.8298355106770624	2.292941544840477	0.9063151738417283	0.9156147161914099	0.35986901000152877
FOLH1	0.061254493392073554	1.0631694493605448	0.04758331573804551	1.287310319635779	0.1979861480729919
