rowname	coef	exp(coef)	se(coef)	z	Pr(>|z|)
harmonized_diagnosisHigh-grade glioma/astrocytoma, H3 G35-mutant	-0.9485093452189125	0.38731795070300684	1.0997602775278095	-0.8624691804209375	0.3884293856501982
harmonized_diagnosisHigh-grade glioma/astrocytoma, H3 wildtype	0.0402003435273462	1.041019314783371	0.5361071437381615	0.07498565164985067	0.9402261280742267
harmonized_diagnosisHigh-grade glioma/astrocytoma, IDH-mutant	-1.5673797017255815	0.2085910376288466	1.3176351111364355	-1.1895400240008374	0.23422723095399298
CNS_regionMidline	1.8027328436106487	6.06620281612277	0.7351929717154478	2.4520539680953126	0.014204335637444073
CNS_regionMixed	0.809952023608672	2.2478001427502354	0.7796492647763457	1.0388671678424775	0.29886651773834094
CNS_regionPosterior fossa	22.266274809862548	4678647034.382845	7386.322116479185	0.0030145279963062514	0.9975947582965302
SLC7A5	-0.0016070345078216853	0.9983942560807003	0.013383541891025407	-0.12007542703619536	0.904423397916353
