rowname	coef	exp(coef)	se(coef)	z	Pr(>|z|)
harmonized_diagnosisHigh-grade glioma/astrocytoma, H3 G35-mutant	-1.329580423319482	0.2645882530743445	1.1990963249040383	-1.1088186959674704	0.2675084034443856
harmonized_diagnosisHigh-grade glioma/astrocytoma, H3 wildtype	-0.09723722225556743	0.907340739184509	0.549228061190638	-0.1770434344610375	0.8594742726577368
harmonized_diagnosisHigh-grade glioma/astrocytoma, IDH-mutant	-1.2390708583250412	0.2896532218280225	1.388585836385683	-0.8923257215054053	0.3722183714212056
CNS_regionMidline	1.8478596932154665	6.346222114232603	0.7344685030151271	2.5159141414909767	0.011872410111115587
CNS_regionMixed	0.6407074304848611	1.897822982359263	0.76967089017764	0.8324433711361825	0.4051587298006273
CNS_regionPosterior fossa	22.214958044571215	4444610362.417298	7350.386489522672	0.0030222843487531822	0.9975885696508565
FOLH1	-0.03136952840546871	0.9691173904967608	0.03964677537581574	-0.7912252158747797	0.4288125793527889
