rowname	coef	exp(coef)	se(coef)	z	Pr(>|z|)
RiskScore	0.10399112597901314	1.109590608341548	0.13091068805365838	0.7943669651815495	0.42698182989487027
