rowname	coef	exp(coef)	se(coef)	z	Pr(>|z|)
RiskScore	0.1346695726940173	1.1441586606197065	0.1024416352462167	1.3145980379007158	0.18864502990169738
