rowname	coef	exp(coef)	se(coef)	z	Pr(>|z|)
RiskGroupLow	-0.696146335703847	0.49850266891452844	0.5050653864107295	-1.3783291320972182	0.16810169266245373
