n.groups	n.Freq	obs	exp	chisq	p.value
expression_group_FOLH1=High	46	16	16.290644235675042	0.011136476386186447	0.9159556592386078
expression_group_FOLH1=Low	43	15	14.709355764324952	0.011136476386186447	0.9159556592386078
