n.groups	n.Freq	obs	exp	chisq	p.value
expression_group_SLC7A5=High	47	15	15.19840837108574	0.005089138637155759	0.943128594249855
expression_group_SLC7A5=Low	42	16	15.80159162891426	0.005089138637155759	0.943128594249855
