rowname	coef	exp(coef)	se(coef)	z	Pr(>|z|)
RiskScore	2.585360496943446e-10	1.000000000258536	1.7031210315360572e-10	1.5180133702017	0.1290110281519041
