rowname	coef	exp(coef)	se(coef)	z	Pr(>|z|)
RiskGroupLow	-1.0476543876328972	0.35075953083709643	0.566100542284315	-1.8506507402473562	0.06421981500296697
