rowname	coef	exp(coef)	se(coef)	z	Pr(>|z|)
RiskScore	2.39955953271287e-10	1.000000000239956	1.6204681676448e-10	1.4807816534899336	0.13866476695870295
