rowname	coef	exp(coef)	se(coef)	z	Pr(>|z|)
RiskGroupLow	-0.28656695522727627	0.7508368043991651	0.5292291638790823	-0.5414799009314437	0.5881768475337293
