cindex	day_of_interest
NA	89
NA	182
NA	195
1	264
0.9342321604735284	408
0.9473857283788227	433
0.8152208447258026	581
0.727649455672011	623
0.7472016663276339	775
0.6533171189687302	796
0.6246381886911659	814
0.6407917017584911	824
0.6938267335148399	1139
0.7047122203016317	2261
