cindex	day_of_interest
NA	89
NA	182
NA	195
1	264
0.8691137783623808	408
0.8710621506083525	433
0.7182486269712155	581
0.6078647938913605	623
0.7056221441460299	775
0.706218424695397	796
0.6898479476933821	814
0.645909891900068	824
0.7115991636141978	1139
0.7107391936091693	2261
