rowname	coef	exp(coef)	se(coef)	z	Pr(>|z|)
RiskScore	15.699083779118427	6576963.87155262	6.075516083823353	2.5839918062135907	0.009766411454948408
